League,Gender,Country,Season,Match_Date,Matchweek,Home_Team,Home_Formation,Home_Score,Home_xG,Home_Goals,Home_Yellow_Cards,Home_Red_Cards,Away_Team,Away_Formation,Away_Score,Away_xG,Away_Goals,Away_Yellow_Cards,Away_Red_Cards,Game_URL,Team,Home_Away,Min,Gls,Ast,PK,PKatt,Sh,SoT,CrdY,CrdR,Touches,Press,Tkl,Int,Blocks,xG_Expected,npxG_Expected,xA_Expected,SCA_SCA,GCA_SCA,Cmp_Passes,Att_Passes,Cmp_percent_Passes,Prog_Passes,Carries_Carries,Prog_Carries,Succ_Dribbles,Att_Dribbles,Cmp_Total,Att_Total,Cmp_percent_Total,TotDist_Total,PrgDist_Total,Cmp_Short,Att_Short,Cmp_percent_Short,Cmp_Medium,Att_Medium,Cmp_percent_Medium,Cmp_Long,Att_Long,Cmp_percent_Long,Ast_1,xA,KP,Final_Third,PPA,CrsPA,Prog,Att,Live_Pass_Types,Dead_Pass_Types,FK_Pass_Types,TB_Pass_Types,Press_Pass_Types,Sw_Pass_Types,Crs_Pass_Types,CK_Pass_Types,In_Corner_Kicks,Out_Corner_Kicks,Str_Corner_Kicks,Ground_Height,Low_Height,High_Height,Left_Body_Parts,Right_Body_Parts,Head_Body_Parts,TI_Body_Parts,Other_Body_Parts,Cmp_Outcomes,Off_Outcomes,Out_Outcomes,Int_Outcomes,Blocks_Outcomes,Tkl_Tackles,TklW_Tackles,Def 3rd_Tackles,Mid 3rd_Tackles,Att 3rd_Tackles,Tkl_Vs_Dribbles,Att_Vs_Dribbles,Tkl_percent_Vs_Dribbles,Past_Vs_Dribbles,Press_Pressures,Succ_Pressures,percent_Pressures,Def 3rd_Pressures,Mid 3rd_Pressures,Att 3rd_Pressures,Blocks_Blocks,Sh_Blocks,ShSv_Blocks,Pass_Blocks,Int_2,Tkl+Int,Clr,Err,Touches_Touches,Def Pen_Touches,Def 3rd_Touches,Mid 3rd_Touches,Att 3rd_Touches,Att Pen_Touches,Live_Touches,Succ_Dribbles_3,Att_Dribbles_4,Succ_percent_Dribbles,Player_NumPl_Dribbles,Megs_Dribbles,Carries_Carries_5,TotDist_Carries,PrgDist_Carries,Prog_Carries_6,Final_Third_Carries,CPA_Carries,Mis_Carries,Dis_Carries,Targ_Receiving,Rec_Receiving,Rec_percent_Receiving,Prog_Receiving,CrdY_7,CrdR_8,2CrdY,Fls_9,Fld_10,Off_11,Crs_12,Int_13,TklW_14,PKwon_15,PKcon_16,OG_17,Recov,Won_Aerial_Duels,Lost_Aerial_Duels,Won_percent_Aerial_Duels,Cup,Cup_Home,Cup_Away,Win,TM_Value_Home_Team,TM_Value_Away_Team,log_ratio_Value
Serie A,M,ITA,2021-2022,2021-08-23,1,Sampdoria,04/04/02,0,1.0,"
		
	",3,0,Milan,4-2-3-1,1,1.1,"
		
			 Brahim Daz á 9&rsquor;
		
	",1,0,https://fbref.com/en/matches/2e04a6c0/Sampdoria-Milan-August-23-2021-Serie-A,Sampdoria,Home,990,0,0,0,0,16,3,3,0,560,153,20,16,12,1.0,1.0,0.4,22,0,334,432,77.3,38,332,30,6,9,334,432,77.3,6707,2770,132,157,84.1,137,166,82.5,57,92,62.0,0,0.4,10,31,8,3,38,432,379,53,15,1,93,17,18,8,1,2,0,266,47,119,117,261,17,18,11,334,2,9,19,12,20,12,10,5,5,9,17,52.9,8,153,46,30.1,39,74,40,12,2,0,10,16,36,32,0,560,70,200,241,151,27,507,6,9,66.7,6,0,332,1522,783,30,14,1,10,15,419,334,79.7,38,3,0,0,20,14,3,18,16,12,0,0,0,77,22,14,61.1,0,0,0,A,103300000,466600000,-1.5078349834617366
Serie A,M,ITA,2021-2022,2021-08-23,1,Sampdoria,04/04/02,0,1.0,"
		
	",3,0,Milan,4-2-3-1,1,1.1,"
		
			 Brahim Daz á 9&rsquor;
		
	",1,0,https://fbref.com/en/matches/2e04a6c0/Sampdoria-Milan-August-23-2021-Serie-A,Milan,Away,990,1,1,0,0,11,4,1,0,569,164,18,20,19,1.1,1.1,0.7,12,1,349,442,79.0,25,344,33,6,17,349,442,79.0,6135,2357,166,183,90.7,123,149,82.6,43,83,51.8,1,0.7,7,20,7,1,25,442,397,45,20,1,61,6,11,3,0,2,0,317,33,92,127,273,10,13,7,349,3,7,16,10,18,13,4,9,5,3,9,33.3,6,164,56,34.1,37,80,47,19,7,0,12,20,38,18,1,569,86,200,264,132,21,525,6,17,35.3,8,1,344,1849,1031,33,10,5,10,11,412,349,84.7,25,1,0,0,15,19,3,11,20,13,0,0,0,68,14,22,38.9,0,0,0,A,103300000,466600000,-1.5078349834617366
Serie A,M,ITA,2021-2022,2021-08-29,2,Milan,4-2-3-1,4,2.7,"
		
			Sandro Tonali á 12&rsquor; 
		
			Rafael Leo á 17&rsquor; 
		
			Olivier Giroud á 24&rsquor; 
		
			Olivier Giroud (P) á 43&rsquor; 
		
	",1,0,Cagliari,03/05/02,1,0.4,"
		
			 Alessandro Deiola á 15&rsquor;
		
	",5,0,https://fbref.com/en/matches/0f78d641/Milan-Cagliari-August-29-2021-Serie-A,Milan,Home,990,4,1,1,1,17,4,1,0,652,130,7,7,11,2.8,2.0,1.7,29,7,495,562,88.1,37,465,46,13,20,495,562,88.1,9570,2747,182,198,91.9,229,240,95.4,73,100,73.0,1,1.7,12,25,12,4,37,562,522,40,9,0,59,21,16,8,3,1,0,438,61,63,171,362,4,15,3,495,1,11,8,14,7,4,5,2,0,3,9,33.3,6,130,30,23.1,34,62,34,11,3,0,8,7,14,13,0,652,63,197,323,175,37,610,13,20,65.0,15,0,465,2447,1325,46,13,7,16,3,543,495,91.2,37,1,0,0,15,11,1,16,7,4,0,0,0,67,15,20,42.9,0,0,0,H,466600000,129500000,1.281791478447737
Serie A,M,ITA,2021-2022,2021-08-29,2,Milan,4-2-3-1,4,2.7,"
		
			Sandro Tonali á 12&rsquor; 
		
			Rafael Leo á 17&rsquor; 
		
			Olivier Giroud á 24&rsquor; 
		
			Olivier Giroud (P) á 43&rsquor; 
		
	",1,0,Cagliari,03/05/02,1,0.4,"
		
			 Alessandro Deiola á 15&rsquor;
		
	",5,0,https://fbref.com/en/matches/0f78d641/Milan-Cagliari-August-29-2021-Serie-A,Cagliari,Away,990,1,1,0,0,7,2,5,0,517,126,8,8,22,0.4,0.4,0.3,11,2,359,423,84.9,23,299,22,6,9,359,423,84.9,7002,2670,145,157,92.4,161,186,86.6,46,64,71.9,1,0.3,5,22,4,1,23,423,378,45,13,0,59,5,10,3,0,3,0,302,45,76,123,261,15,13,6,359,0,4,7,8,8,3,4,2,2,5,20,25.0,15,126,27,21.4,52,47,27,22,8,0,14,8,16,17,0,517,71,219,226,96,18,473,6,9,66.7,6,0,299,1667,833,22,6,2,19,4,416,359,86.3,23,5,0,0,12,14,0,10,8,3,0,1,0,49,20,15,57.1,0,0,0,H,466600000,129500000,1.281791478447737
Serie A,M,ITA,2021-2022,2021-09-12,3,Milan,4-2-3-1,2,3.0,"
		
			Rafael Leo á 45&rsquor; 
		
			Zlatan Ibrahimovi_ á 67&rsquor; 
		
	",1,0,Lazio,04/03/03,0,0.3,"
		
	",4,0,https://fbref.com/en/matches/fe2d72aa/Milan-Lazio-September-12-2021-Serie-A,Milan,Home,990,2,2,0,1,20,3,1,0,614,156,19,19,12,3.0,2.3,2.0,30,4,416,503,82.7,42,449,33,17,26,416,503,82.7,8041,2463,164,186,88.2,182,206,88.3,59,95,62.1,2,2.0,13,26,17,4,42,503,462,41,19,0,32,15,15,5,1,0,0,354,61,88,163,299,11,13,11,416,3,4,17,5,19,12,8,5,6,8,13,61.5,5,156,45,28.8,38,77,41,12,2,0,10,19,38,12,0,614,45,197,289,160,33,579,17,26,65.4,18,1,449,2003,979,33,11,2,11,10,491,416,84.7,42,1,0,0,12,19,4,15,19,12,1,0,0,84,6,17,26.1,0,0,0,H,466600000,267450000,0.5565397266100705
Serie A,M,ITA,2021-2022,2021-09-12,3,Milan,4-2-3-1,2,3.0,"
		
			Rafael Leo á 45&rsquor; 
		
			Zlatan Ibrahimovi_ á 67&rsquor; 
		
	",1,0,Lazio,04/03/03,0,0.3,"
		
	",4,0,https://fbref.com/en/matches/fe2d72aa/Milan-Lazio-September-12-2021-Serie-A,Lazio,Away,990,0,0,0,0,8,5,4,0,678,173,18,18,14,0.3,0.3,0.1,12,0,488,570,85.6,24,439,48,5,13,488,570,85.6,8008,2586,241,258,93.4,187,219,85.4,39,60,65.0,0,0.1,5,31,4,1,24,570,532,38,13,0,91,6,9,1,1,0,0,461,53,56,135,399,6,13,6,488,2,5,17,10,18,10,9,7,2,8,26,30.8,18,173,40,23.1,60,86,27,14,9,0,5,18,36,21,0,678,80,237,360,133,9,642,5,13,38.5,5,1,439,2307,1317,48,13,2,13,11,541,488,90.2,24,4,0,0,19,11,2,9,18,10,0,1,0,70,17,6,73.9,0,0,0,H,466600000,267450000,0.5565397266100705
Serie A,M,ITA,2021-2022,2021-09-19,4,Juventus,04/04/02,1,1.0,"
		
			çlvaro Morata á 4&rsquor; 
		
	",1,0,Milan,4-2-3-1,1,0.7,"
		
			 Ante Rebi_ á 76&rsquor;
		
	",1,0,https://fbref.com/en/matches/e1ba445c/Juventus-Milan-September-19-2021-Serie-A,Milan,Away,990,1,1,0,0,13,3,1,0,623,148,12,17,10,0.7,0.7,0.6,19,2,459,528,86.9,32,397,58,9,17,459,528,86.9,8628,2462,195,218,89.4,199,214,93.0,62,85,72.9,1,0.6,8,33,9,3,32,528,485,43,14,2,50,21,15,4,1,3,0,416,54,58,170,317,13,15,7,459,0,7,11,10,12,10,6,5,1,4,10,40.0,6,148,40,27.0,40,76,32,10,0,0,10,17,29,9,0,623,40,160,334,188,15,582,9,17,52.9,9,0,397,2333,1334,58,24,1,16,8,511,459,89.8,32,1,0,0,16,13,0,15,17,10,0,0,0,62,11,3,78.6,1,1,1,D,566400000,466600000,0.19382818279218045
Serie A,M,ITA,2021-2022,2021-09-19,4,Juventus,04/04/02,1,1.0,"
		
			çlvaro Morata á 4&rsquor; 
		
	",1,0,Milan,4-2-3-1,1,0.7,"
		
			 Ante Rebi_ á 76&rsquor;
		
	",1,0,https://fbref.com/en/matches/e1ba445c/Juventus-Milan-September-19-2021-Serie-A,Juventus,Home,990,1,1,0,0,9,4,1,0,524,112,16,12,15,1.0,1.0,1.0,18,2,343,413,83.1,22,335,32,6,10,343,413,83.1,7561,2779,123,140,87.9,143,161,88.8,74,101,73.3,1,1.0,9,23,4,2,22,413,370,43,16,1,75,19,5,4,4,0,0,281,65,67,146,233,7,12,12,343,2,6,17,11,16,5,7,8,1,8,17,47.1,9,112,36,32.1,38,58,16,15,4,0,11,12,28,18,0,524,63,175,283,105,11,484,6,10,60.0,6,1,335,1897,941,32,13,3,18,8,395,343,86.8,22,1,0,0,15,16,3,5,12,5,0,0,0,72,3,11,21.4,1,1,1,D,566400000,466600000,0.19382818279218045
Serie A,M,ITA,2021-2022,2021-09-22,5,Milan,4-2-3-1,2,1.7,"
		
			Brahim Daz á 68&rsquor; 
		
			Theo Hernndez á 82&rsquor; 
		
	",0,0,Venezia,04/03/03,0,0.7,"
		
	",2,0,https://fbref.com/en/matches/c2431356/Milan-Venezia-September-22-2021-Serie-A,Venezia,Away,990,0,0,0,0,8,2,2,0,471,238,17,19,15,0.7,0.7,0.3,11,0,257,340,75.6,17,236,18,6,14,257,340,75.6,4997,1823,105,117,89.7,110,132,83.3,40,77,51.9,0,0.3,5,11,3,1,17,340,290,50,12,0,46,11,3,4,1,3,0,214,55,71,111,187,12,19,6,257,1,3,11,11,17,11,10,6,1,11,31,35.5,20,238,65,27.3,99,109,30,15,3,0,12,19,36,25,0,471,79,212,226,71,5,424,6,14,42.9,6,0,236,1149,641,18,7,0,16,17,330,257,77.9,17,2,0,0,14,15,1,3,19,11,0,0,0,76,18,11,62.1,0,0,0,H,466600000,87830000,1.6700692316583037
Serie A,M,ITA,2021-2022,2021-09-22,5,Milan,4-2-3-1,2,1.7,"
		
			Brahim Daz á 68&rsquor; 
		
			Theo Hernndez á 82&rsquor; 
		
	",0,0,Venezia,04/03/03,0,0.7,"
		
	",2,0,https://fbref.com/en/matches/c2431356/Milan-Venezia-September-22-2021-Serie-A,Milan,Home,990,2,2,0,0,14,4,0,0,793,178,25,13,11,1.7,1.7,1.6,25,4,587,677,86.7,46,602,73,18,31,587,677,86.7,11406,3026,224,254,88.2,277,299,92.6,79,109,72.5,2,1.6,12,41,15,5,46,677,638,39,13,0,101,14,14,4,3,1,0,507,83,87,285,347,13,14,12,587,1,5,18,12,25,15,11,12,2,8,14,57.1,6,178,70,39.3,32,96,50,11,0,0,11,13,38,11,0,793,51,197,440,213,39,757,18,31,58.1,20,4,602,3284,1686,73,23,8,17,6,669,587,87.7,46,0,0,0,15,14,0,14,13,15,0,0,0,85,11,18,37.9,0,0,0,H,466600000,87830000,1.6700692316583037
Serie A,M,ITA,2021-2022,2021-09-25,6,Spezia,4-1-4-1,1,0.9,"
		
			Daniele Verde á 80&rsquor; 
		
	",2,0,Milan,4-2-3-1,2,1.9,"
		
			 Daniel Maldini á 48&rsquor;
		
			 Brahim Daz á 86&rsquor;
		
	",2,0,https://fbref.com/en/matches/8f05af5a/Spezia-Milan-September-25-2021-Serie-A,Milan,Away,990,2,2,0,0,18,5,2,0,664,160,26,10,13,1.9,1.9,1.6,29,4,461,557,82.8,34,436,54,11,25,461,557,82.8,9068,2926,183,211,86.7,199,221,90.0,71,105,67.6,2,1.6,13,36,11,4,34,557,504,53,14,0,47,19,12,4,0,3,0,378,91,88,162,340,17,27,6,461,3,5,24,10,26,14,13,9,4,8,12,66.7,4,160,51,31.9,47,64,49,13,4,0,9,10,36,5,0,664,58,201,338,173,34,613,11,25,44.0,16,2,436,2671,1527,54,13,9,15,2,551,461,83.7,34,2,0,0,12,13,3,12,10,14,0,0,0,69,10,16,38.5,0,0,0,A,70000000,466600000,-1.8969771175379706
Serie A,M,ITA,2021-2022,2021-09-25,6,Spezia,4-1-4-1,1,0.9,"
		
			Daniele Verde á 80&rsquor; 
		
	",2,0,Milan,4-2-3-1,2,1.9,"
		
			 Daniel Maldini á 48&rsquor;
		
			 Brahim Daz á 86&rsquor;
		
	",2,0,https://fbref.com/en/matches/8f05af5a/Spezia-Milan-September-25-2021-Serie-A,Spezia,Home,990,1,0,0,0,8,2,2,0,444,127,11,25,13,0.9,0.9,0.8,11,2,242,319,75.9,24,268,32,4,12,242,319,75.9,4600,2003,100,111,90.1,102,125,81.6,30,66,45.5,0,0.8,6,16,9,2,24,319,268,51,15,2,68,10,10,2,2,0,0,192,53,74,106,175,4,22,6,242,2,10,9,8,11,7,5,5,1,9,25,36.0,16,127,32,25.2,52,55,20,13,4,0,9,25,36,30,0,444,68,188,174,113,21,396,4,12,33.3,4,0,268,1476,790,32,9,3,12,18,301,242,80.4,24,2,0,0,13,12,3,10,25,7,0,0,0,59,16,10,61.5,0,0,0,A,70000000,466600000,-1.8969771175379706
Serie A,M,ITA,2021-2022,2021-10-03,7,Atalanta,3-4-1-2,2,2.1,"
		
			Duvn Zapata (P) á 86&rsquor; 
		
			Mario Pa_ali_ á 90+4&rsquor; 
		
	",1,0,Milan,4-2-3-1,3,3.0,"
		
			 Davide Calabria á 1&rsquor;
		
			 Sandro Tonali á 43&rsquor;
		
			 Rafael Leo á 78&rsquor;
		
	",4,0,https://fbref.com/en/matches/ae7758d1/Atalanta-Milan-October-3-2021-Serie-A,Milan,Away,990,3,1,0,0,13,7,4,0,548,184,25,32,19,3.0,3.0,1.8,24,4,311,397,78.3,26,313,37,7,17,311,397,78.3,5745,2407,135,157,86.0,118,135,87.4,46,80,57.5,1,1.8,10,22,5,3,26,397,342,55,15,2,40,8,8,5,1,2,0,269,58,70,107,239,16,25,4,311,0,5,7,17,25,14,16,7,2,5,12,41.7,7,184,61,33.2,61,84,39,19,8,0,11,32,57,19,0,548,80,200,251,132,20,495,7,17,41.2,7,0,313,1911,1057,37,11,5,16,13,347,311,89.6,26,4,0,0,16,13,0,8,32,14,0,1,0,63,5,14,26.3,1,1,1,A,379900000,466600000,-0.20556429939374976
Serie A,M,ITA,2021-2022,2021-10-03,7,Atalanta,3-4-1-2,2,2.1,"
		
			Duvn Zapata (P) á 86&rsquor; 
		
			Mario Pa_ali_ á 90+4&rsquor; 
		
	",1,0,Milan,4-2-3-1,3,3.0,"
		
			 Davide Calabria á 1&rsquor;
		
			 Sandro Tonali á 43&rsquor;
		
			 Rafael Leo á 78&rsquor;
		
	",4,0,https://fbref.com/en/matches/ae7758d1/Atalanta-Milan-October-3-2021-Serie-A,Atalanta,Home,990,2,1,1,1,16,4,1,0,646,124,23,9,25,2.2,1.4,0.9,24,2,406,499,81.4,50,400,41,6,12,406,499,81.4,7879,2893,173,197,87.8,168,197,85.3,63,91,69.2,1,0.9,10,29,9,2,50,499,445,54,13,0,105,20,9,9,3,3,3,348,71,80,181,260,17,24,6,406,2,5,29,12,23,11,14,8,1,10,17,58.8,7,124,32,25.8,51,47,26,25,7,0,18,9,32,17,1,646,60,189,302,204,30,592,6,12,50.0,7,0,400,2181,1135,41,20,3,17,20,445,406,91.2,50,1,0,0,13,14,2,9,9,11,0,0,0,92,14,5,73.7,1,1,1,A,379900000,466600000,-0.20556429939374976
Serie A,M,ITA,2021-2022,2021-10-16,8,Milan,4-2-3-1,3,1.5,"
		
			Olivier Giroud á 59&rsquor; 
		
			Franck Kessi (P) á 76&rsquor; 
		
			Koray Gnter (OG) á 78&rsquor; 
		
	",1,0,Hellas Verona,03/04/03,2,1.4,"
		
			 Gianluca Caprari á 7&rsquor;
		
			 Antonn Bark (P) á 24&rsquor;
		
	",4,0,https://fbref.com/en/matches/36d9f7e2/Milan-Hellas-Verona-October-16-2021-Serie-A,Milan,Home,990,2,1,1,1,16,3,1,0,567,100,23,12,17,1.5,0.8,0.7,27,3,338,451,74.9,44,341,48,11,13,338,451,74.9,7077,2609,107,128,83.6,163,199,81.9,60,105,57.1,1,0.7,14,28,15,7,44,451,402,49,20,0,82,9,18,5,2,0,0,274,73,104,192,203,24,13,4,338,0,6,11,11,23,13,12,10,1,10,18,55.6,8,100,35,35.0,41,44,15,17,1,0,16,12,35,17,0,567,67,192,254,161,30,523,11,13,84.6,11,0,341,2365,1343,48,21,4,14,11,363,338,93.1,44,1,0,0,11,21,0,18,12,13,1,1,0,109,21,21,50.0,0,0,0,H,466600000,116530000,1.3873236090021577
Serie A,M,ITA,2021-2022,2021-10-16,8,Milan,4-2-3-1,3,1.5,"
		
			Olivier Giroud á 59&rsquor; 
		
			Franck Kessi (P) á 76&rsquor; 
		
			Koray Gnter (OG) á 78&rsquor; 
		
	",1,0,Hellas Verona,03/04/03,2,1.4,"
		
			 Gianluca Caprari á 7&rsquor;
		
			 Antonn Bark (P) á 24&rsquor;
		
	",4,0,https://fbref.com/en/matches/36d9f7e2/Milan-Hellas-Verona-October-16-2021-Serie-A,Hellas Verona,Away,990,2,1,1,1,9,4,4,0,513,182,13,11,17,1.4,0.7,0.6,16,3,285,395,72.2,38,276,26,7,18,285,395,72.2,5565,2540,127,152,83.6,109,142,76.8,45,85,52.9,1,0.6,7,21,9,2,38,395,346,49,10,1,44,11,9,4,1,2,0,226,69,100,119,206,26,21,10,285,1,7,11,15,13,11,5,6,2,2,13,15.4,11,182,53,29.1,79,70,33,17,7,0,10,11,24,27,0,513,72,169,220,154,25,466,7,18,38.9,8,0,276,1217,630,26,9,1,14,13,361,285,78.9,38,4,0,0,21,11,1,9,11,11,1,1,1,98,21,21,50.0,0,0,0,H,466600000,116530000,1.3873236090021577
Serie A,M,ITA,2021-2022,2021-10-23,9,Bologna,03/04/03,2,0.7,"
		
			Adama Soumaoro á 20&rsquor; 
		
			Zlatan Ibrahimovi_ (OG) á 49&rsquor; 
		
			Musa Barrow á 52&rsquor; 
		
			Roberto Soriano á 58&rsquor; 
		
	",1,2,Milan,4-2-3-1,4,0.9,"
		
			 Rafael Leo á 16&rsquor;
		
			 Davide Calabria á 35&rsquor;
		
			 Ismal Bennacer á 84&rsquor;
		
			 Zlatan Ibrahimovi_ á 90&rsquor;
		
	",3,0,https://fbref.com/en/matches/03c04ac9/Bologna-Milan-October-23-2021-Serie-A,Bologna,Home,886,1,1,0,0,9,4,1,2,477,143,14,9,19,0.7,0.7,0.7,13,2,305,382,79.8,23,266,22,8,15,305,382,79.8,5769,2267,137,153,89.5,112,133,84.2,46,76,60.5,1,0.7,7,20,7,2,23,382,331,51,17,1,76,12,5,4,3,1,0,246,51,85,89,247,13,17,5,305,0,8,8,11,14,11,9,1,4,7,17,41.2,10,143,46,32.2,86,39,18,19,7,0,12,9,23,17,3,477,63,178,232,101,14,429,8,15,53.3,9,2,266,1431,604,22,7,1,11,9,371,305,82.2,23,1,2,0,9,16,0,5,9,11,0,0,0,51,11,12,47.8,0,0,1,A,142750000,466600000,-1.18437751105121
Serie A,M,ITA,2021-2022,2021-10-23,9,Bologna,03/04/03,2,0.7,"
		
			Adama Soumaoro á 20&rsquor; 
		
			Zlatan Ibrahimovi_ (OG) á 49&rsquor; 
		
			Musa Barrow á 52&rsquor; 
		
			Roberto Soriano á 58&rsquor; 
		
	",1,2,Milan,4-2-3-1,4,0.9,"
		
			 Rafael Leo á 16&rsquor;
		
			 Davide Calabria á 35&rsquor;
		
			 Ismal Bennacer á 84&rsquor;
		
			 Zlatan Ibrahimovi_ á 90&rsquor;
		
	",3,0,https://fbref.com/en/matches/03c04ac9/Bologna-Milan-October-23-2021-Serie-A,Milan,Away,990,4,2,0,0,15,7,3,0,732,147,15,9,13,0.9,0.9,0.5,24,4,561,636,88.2,55,510,71,8,17,561,636,88.2,10497,2846,240,261,92.0,230,250,92.0,81,101,80.2,2,0.5,9,48,15,4,55,636,603,33,6,2,39,11,17,1,0,0,0,494,66,76,204,378,19,19,6,561,1,5,9,13,15,8,7,5,3,6,15,40.0,9,147,38,25.9,42,72,33,13,1,0,12,9,24,8,0,732,31,134,407,242,28,700,8,17,47.1,10,0,510,2796,1577,71,21,3,11,7,593,561,94.6,55,3,0,0,17,11,2,17,9,8,0,0,1,77,12,11,52.2,1,0,1,A,142750000,466600000,-1.18437751105121
Serie A,M,ITA,2021-2022,2021-10-26,10,Milan,4-2-3-1,1,0.9,"
		
			Olivier Giroud á 14&rsquor; 
		
	",3,0,Torino,03/04/03,0,0.8,"
		
	",3,0,https://fbref.com/en/matches/c3a5ed16/Milan-Torino-October-26-2021-Serie-A,Torino,Away,990,0,0,0,0,13,2,3,0,626,167,14,14,19,0.8,0.8,0.8,23,0,415,519,80.0,41,377,50,10,18,415,519,80.0,8558,3005,162,183,88.5,170,203,83.7,78,115,67.8,0,0.8,12,46,14,1,41,519,480,39,14,0,50,20,12,5,1,4,0,323,77,119,158,291,27,12,6,415,1,12,15,12,14,8,2,9,3,6,16,37.5,10,167,57,34.1,45,83,39,19,2,0,17,14,28,7,0,626,39,119,337,211,33,588,10,18,55.6,11,0,377,1928,904,50,15,6,19,9,514,415,80.7,41,3,0,0,22,15,1,12,14,8,0,0,0,99,26,23,53.1,0,0,0,H,466600000,205680000,0.8191507966296955
Serie A,M,ITA,2021-2022,2021-10-26,10,Milan,4-2-3-1,1,0.9,"
		
			Olivier Giroud á 14&rsquor; 
		
	",3,0,Torino,03/04/03,0,0.8,"
		
	",3,0,https://fbref.com/en/matches/c3a5ed16/Milan-Torino-October-26-2021-Serie-A,Milan,Home,990,1,1,0,0,10,2,3,0,545,132,16,18,18,0.9,0.9,0.2,15,1,316,412,76.7,20,297,23,10,16,316,412,76.7,6380,2783,135,157,86.0,124,152,81.6,51,84,60.7,1,0.2,7,21,2,1,20,412,358,54,22,0,55,9,5,2,1,1,0,256,57,99,130,228,13,21,3,316,0,1,13,17,16,11,6,6,4,7,18,38.9,11,132,26,19.7,55,56,21,18,6,0,12,18,34,21,0,545,58,189,265,125,10,492,10,16,62.5,10,0,297,1783,767,23,12,3,19,8,385,316,82.1,20,3,0,0,15,22,0,5,18,11,0,0,0,83,23,26,46.9,0,0,0,H,466600000,205680000,0.8191507966296955
Serie A,M,ITA,2021-2022,2021-10-31,11,Roma,4-2-3-1,1,1.2,"
		
			Stephan El Shaarawy á 90+3&rsquor; 
		
	",4,0,Milan,4-2-3-1,2,1.9,"
		
			 Zlatan Ibrahimovi_ á 26&rsquor;
		
			 Franck Kessi (P) á 57&rsquor;
		
			 Theo Hernndez á 66&rsquor;
		
	",7,1,https://fbref.com/en/matches/7d80fa2c/Roma-Milan-October-31-2021-Serie-A,Roma,Home,990,1,0,0,0,24,6,4,0,534,165,12,11,8,1.2,1.2,0.6,36,0,351,425,82.6,41,333,61,6,15,351,425,82.6,7000,2483,131,146,89.7,164,188,87.2,50,74,67.6,0,0.6,16,37,13,3,41,425,380,45,17,1,35,10,17,5,3,2,0,312,47,66,99,290,15,15,2,351,2,4,10,11,12,8,6,4,2,2,11,18.2,9,165,38,23.0,49,73,43,8,2,0,6,11,23,13,0,534,40,143,234,204,40,491,6,15,40.0,7,0,333,2243,1253,61,18,5,17,5,415,351,84.6,41,4,0,0,23,15,2,17,11,8,0,1,0,79,10,15,40.0,0,0,0,A,390650000,466600000,-0.17766034114457632
Serie A,M,ITA,2021-2022,2021-10-31,11,Roma,4-2-3-1,1,1.2,"
		
			Stephan El Shaarawy á 90+3&rsquor; 
		
	",4,0,Milan,4-2-3-1,2,1.9,"
		
			 Zlatan Ibrahimovi_ á 26&rsquor;
		
			 Franck Kessi (P) á 57&rsquor;
		
			 Theo Hernndez á 66&rsquor;
		
	",7,1,https://fbref.com/en/matches/7d80fa2c/Roma-Milan-October-31-2021-Serie-A,Milan,Away,965,2,0,1,1,7,2,7,1,542,101,13,10,17,1.9,1.1,1.0,13,4,357,431,82.8,24,309,24,9,11,357,431,82.8,7439,2491,120,128,93.8,173,196,88.3,59,93,63.4,0,1.0,4,15,5,1,24,431,386,45,18,2,80,9,6,2,1,1,0,309,47,75,132,261,11,10,3,357,5,4,11,6,13,7,10,3,0,8,15,53.3,7,101,28,27.7,48,41,12,17,6,0,11,10,23,24,0,542,98,233,252,86,11,495,9,11,81.8,9,0,309,1677,933,24,4,0,16,10,425,357,84.0,24,7,1,1,14,22,5,6,10,7,1,0,0,62,15,10,60.0,0,0,0,A,390650000,466600000,-0.17766034114457632
Serie A,M,ITA,2021-2022,2021-11-07,12,Milan,4-2-3-1,1,0.9,"
		
			Stefan de Vrij (OG) á 17&rsquor; 
		
	",1,0,Internazionale,03/05/02,1,2.6,"
		
			 Hakan alhano_lu (P) á 11&rsquor;
		
	",0,0,https://fbref.com/en/matches/0dd97be1/Derby-della-Madonnina-Milan-Internazionale-November-7-2021-Serie-A,Milan,Home,990,0,0,0,0,16,4,1,0,556,145,15,10,25,0.9,0.9,0.5,23,0,356,436,81.7,34,320,35,10,16,356,436,81.7,6880,2094,153,170,90.0,136,161,84.5,59,86,68.6,0,0.5,10,36,6,3,34,436,406,30,11,0,71,12,10,4,4,0,0,310,57,69,109,287,17,9,4,356,0,5,12,9,15,9,5,8,2,5,9,55.6,4,145,49,33.8,35,61,49,25,8,1,17,10,25,16,0,556,65,182,269,150,25,525,10,16,62.5,10,0,320,1904,1024,35,14,5,14,12,421,356,84.6,34,1,0,0,17,11,0,10,10,9,0,2,0,90,16,24,40.0,1,1,1,D,466600000,550900000,-0.1660809448913413
Serie A,M,ITA,2021-2022,2021-11-07,12,Milan,4-2-3-1,1,0.9,"
		
			Stefan de Vrij (OG) á 17&rsquor; 
		
	",1,0,Internazionale,03/05/02,1,2.6,"
		
			 Hakan alhano_lu (P) á 11&rsquor;
		
	",0,0,https://fbref.com/en/matches/0dd97be1/Derby-della-Madonnina-Milan-Internazionale-November-7-2021-Serie-A,Internazionale,Away,990,1,0,1,2,12,0,0,0,539,144,18,12,14,2.6,1.1,1.0,22,2,333,426,78.2,25,268,27,4,9,333,426,78.2,7046,2577,122,139,87.8,136,168,81.0,67,93,72.0,0,1.0,9,21,9,5,25,426,378,48,13,0,90,21,15,8,4,3,0,246,82,98,93,280,16,17,4,333,1,3,10,18,18,13,12,4,2,6,16,37.5,10,144,48,33.3,48,74,22,14,4,0,10,12,30,24,0,539,78,221,210,143,26,490,4,9,44.4,4,0,268,1579,765,27,8,3,8,10,415,333,80.2,25,0,0,0,11,14,1,15,12,13,2,0,1,74,24,16,60.0,1,1,1,D,466600000,550900000,-0.1660809448913413
Serie A,M,ITA,2021-2022,2021-11-20,13,Fiorentina,04/03/03,4,1.8,"
		
			Alfred Duncan á 15&rsquor; 
		
			Riccardo Saponara á 45+1&rsquor; 
		
			Du_an Vlahovi_ á 60&rsquor; 
		
			Du_an Vlahovi_ á 85&rsquor; 
		
	",1,0,Milan,4-2-3-1,3,2.1,"
		
			 Zlatan Ibrahimovi_ á 62&rsquor;
		
			 Zlatan Ibrahimovi_ á 67&rsquor;
		
			 Lorenzo Venuti (OG) á 90+6&rsquor;
		
	",1,0,https://fbref.com/en/matches/fc389008/Fiorentina-Milan-November-20-2021-Serie-A,Milan,Away,990,2,1,0,0,16,6,1,0,633,167,24,14,8,2.1,2.1,1.9,24,3,452,542,83.4,40,458,49,11,14,452,542,83.4,8778,2749,162,180,90.0,227,253,89.7,57,96,59.4,1,1.9,13,27,10,2,40,542,498,44,9,7,49,6,12,6,2,0,4,391,59,92,146,346,17,16,4,452,7,4,11,8,24,12,10,8,6,6,13,46.2,7,167,49,29.3,42,68,57,8,1,0,7,14,38,12,3,633,77,226,283,168,29,590,11,14,78.6,11,3,458,2207,1239,49,18,7,6,11,480,452,94.2,40,1,0,0,13,7,7,12,14,12,0,0,0,71,13,9,59.1,0,0,0,H,232400000,466600000,-0.6970123346095733
Serie A,M,ITA,2021-2022,2021-11-20,13,Fiorentina,04/03/03,4,1.8,"
		
			Alfred Duncan á 15&rsquor; 
		
			Riccardo Saponara á 45+1&rsquor; 
		
			Du_an Vlahovi_ á 60&rsquor; 
		
			Du_an Vlahovi_ á 85&rsquor; 
		
	",1,0,Milan,4-2-3-1,3,2.1,"
		
			 Zlatan Ibrahimovi_ á 62&rsquor;
		
			 Zlatan Ibrahimovi_ á 67&rsquor;
		
			 Lorenzo Venuti (OG) á 90+6&rsquor;
		
	",1,0,https://fbref.com/en/matches/fc389008/Fiorentina-Milan-November-20-2021-Serie-A,Fiorentina,Home,990,4,3,0,0,9,5,1,0,553,115,14,11,12,1.8,1.8,0.9,11,5,361,449,80.4,28,353,24,6,13,361,449,80.4,7954,2722,107,125,85.6,185,209,88.5,64,104,61.5,3,0.9,6,19,3,3,28,449,405,44,17,1,74,22,14,5,0,4,0,294,58,97,184,209,21,13,12,361,3,10,14,7,14,8,6,4,4,3,14,21.4,11,115,32,27.8,46,51,18,12,4,0,8,11,25,15,1,553,115,261,215,114,23,511,6,13,46.2,7,3,353,1747,816,24,8,4,10,18,430,361,84.0,28,1,0,0,7,12,3,14,11,8,0,0,1,71,9,13,40.9,0,0,0,H,232400000,466600000,-0.6970123346095733
Serie A,M,ITA,2021-2022,2021-11-28,14,Milan,4-2-3-1,1,1.1,"
		
			Alessio Romagnoli á 21&rsquor; 
		
			Alessio Romagnoli á 77&rsquor; 
		
	",4,1,Sassuolo,04/03/03,3,1.1,"
		
			 Gianluca Scamacca á 24&rsquor;
		
			 Simon Kj¾r (OG) á 33&rsquor;
		
			 Domenico Berardi á 66&rsquor;
		
	",2,0,https://fbref.com/en/matches/02ecaf9e/Milan-Sassuolo-November-28-2021-Serie-A,Sassuolo,Away,990,2,2,0,0,15,5,2,0,579,104,16,9,18,1.1,1.1,0.7,24,4,367,458,80.1,32,363,41,17,23,367,458,80.1,6855,2572,164,188,87.2,140,160,87.5,52,83,62.7,2,0.7,11,35,8,2,32,458,404,54,20,0,39,10,13,6,5,0,0,333,53,72,144,273,13,14,6,367,3,7,15,15,16,12,10,6,0,7,24,29.2,17,104,30,28.8,57,34,13,18,5,0,13,9,25,27,0,579,76,228,243,140,26,525,17,23,73.9,19,0,363,2007,1050,41,13,7,9,11,449,367,81.7,32,2,0,0,8,16,3,13,9,12,0,0,0,66,12,14,46.2,0,1,0,A,466600000,205600000,0.8195398260063195
Serie A,M,ITA,2021-2022,2021-11-28,14,Milan,4-2-3-1,1,1.1,"
		
			Alessio Romagnoli á 21&rsquor; 
		
			Alessio Romagnoli á 77&rsquor; 
		
	",4,1,Sassuolo,04/03/03,3,1.1,"
		
			 Gianluca Scamacca á 24&rsquor;
		
			 Simon Kj¾r (OG) á 33&rsquor;
		
			 Domenico Berardi á 66&rsquor;
		
	",2,0,https://fbref.com/en/matches/02ecaf9e/Milan-Sassuolo-November-28-2021-Serie-A,Milan,Home,976,1,1,0,0,15,2,4,1,570,143,15,16,22,1.1,1.1,0.9,24,2,357,452,79.0,39,337,49,15,24,357,452,79.0,7031,2370,147,170,86.5,150,186,80.6,52,76,68.4,1,0.9,12,37,13,2,39,452,401,51,10,0,47,15,18,7,0,5,0,293,71,88,178,219,21,22,4,357,7,5,8,13,15,10,7,4,4,4,23,17.4,19,143,38,26.6,59,53,31,22,7,0,15,16,31,21,0,570,64,162,239,199,42,523,15,24,62.5,17,3,337,1943,1210,49,8,9,10,9,430,357,83.0,39,4,1,0,15,8,7,18,16,10,0,0,1,73,14,12,53.8,1,1,0,A,466600000,205600000,0.8195398260063195
Serie A,M,ITA,2021-2022,2021-12-01,15,Genoa,03/05/02,0,0.5,"
		
	",2,0,Milan,4-2-3-1,3,1.0,"
		
			 Zlatan Ibrahimovi_ á 10&rsquor;
		
			 Junior Messias á 45+1&rsquor;
		
			 Junior Messias á 61&rsquor;
		
	",1,0,https://fbref.com/en/matches/0664fa4e/Genoa-Milan-December-1-2021-Serie-A,Milan,Away,990,3,1,0,0,18,5,1,0,715,168,27,7,10,1.0,1.0,0.8,26,4,518,604,85.8,32,445,34,9,22,518,604,85.8,9997,2726,213,241,88.4,203,223,91.0,89,117,76.1,1,0.8,12,24,7,0,32,604,560,44,11,0,84,14,5,6,0,3,0,458,53,93,171,376,12,19,11,518,3,6,18,9,27,13,7,17,3,7,22,31.8,15,168,59,35.1,34,88,46,10,2,0,8,7,34,12,0,715,65,226,344,189,23,673,9,22,40.9,11,0,445,2043,1036,34,16,3,10,9,581,518,89.2,32,1,0,0,16,14,3,5,7,13,0,0,0,85,15,13,53.6,0,0,0,A,108200000,466600000,-1.4614909931749485
Serie A,M,ITA,2021-2022,2021-12-01,15,Genoa,03/05/02,0,0.5,"
		
	",2,0,Milan,4-2-3-1,3,1.0,"
		
			 Zlatan Ibrahimovi_ á 10&rsquor;
		
			 Junior Messias á 45+1&rsquor;
		
			 Junior Messias á 61&rsquor;
		
	",1,0,https://fbref.com/en/matches/0664fa4e/Genoa-Milan-December-1-2021-Serie-A,Genoa,Home,990,0,0,0,0,11,3,2,0,568,152,20,20,18,0.5,0.5,0.4,12,0,365,442,82.6,16,321,23,14,22,365,442,82.6,7428,2357,142,160,88.8,160,175,91.4,59,91,64.8,0,0.4,6,15,2,1,16,442,392,50,18,0,83,13,4,2,1,1,0,318,39,85,106,293,11,16,5,365,1,7,7,8,20,14,8,10,2,11,22,50.0,11,152,49,32.2,50,74,28,18,9,0,9,20,40,16,0,568,67,219,288,87,13,525,14,22,63.6,15,1,321,1406,667,23,7,1,12,20,399,365,91.5,16,2,0,0,15,15,1,4,20,14,0,0,0,71,13,15,46.4,0,0,0,A,108200000,466600000,-1.4614909931749485
Serie A,M,ITA,2021-2022,2021-12-04,16,Milan,4-2-3-1,2,2.9,"
		
			Franck Kessi á 5&rsquor; 
		
			Alexis Saelemaekers á 18&rsquor; 
		
	",1,0,Salernitana,4-4-1-1,0,0.3,"
		
	",2,0,https://fbref.com/en/matches/6feb04b8/Milan-Salernitana-December-4-2021-Serie-A,Milan,Home,990,2,2,0,0,22,7,1,0,856,176,19,7,13,2.9,2.9,2.5,35,4,668,749,89.2,46,613,64,20,29,668,749,89.2,12898,3321,270,295,91.5,297,318,93.4,92,121,76.0,2,2.5,17,41,12,1,46,749,709,40,9,3,74,21,8,9,0,7,1,577,83,89,296,398,22,17,5,668,1,2,14,5,19,14,9,7,3,9,19,47.4,10,176,54,30.7,44,86,46,13,2,0,11,7,26,8,0,856,55,267,456,195,32,816,20,29,69.0,20,2,613,3155,1645,64,17,5,11,10,746,668,89.5,46,1,0,0,11,10,1,8,7,14,0,0,0,86,15,21,41.7,0,0,0,H,466600000,55750000,2.1245949492471015
Serie A,M,ITA,2021-2022,2021-12-04,16,Milan,4-2-3-1,2,2.9,"
		
			Franck Kessi á 5&rsquor; 
		
			Alexis Saelemaekers á 18&rsquor; 
		
	",1,0,Salernitana,4-4-1-1,0,0.3,"
		
	",2,0,https://fbref.com/en/matches/6feb04b8/Milan-Salernitana-December-4-2021-Serie-A,Salernitana,Away,990,0,0,0,0,7,2,2,0,433,147,19,14,11,0.3,0.3,0.2,11,0,236,317,74.4,22,233,15,10,19,236,317,74.4,4845,2144,103,119,86.6,90,111,81.1,39,75,52.0,0,0.2,5,21,2,0,22,317,278,39,12,0,77,8,5,5,2,3,0,185,46,86,79,192,14,10,4,236,1,4,7,11,19,8,8,9,2,9,29,31.0,20,147,25,17.0,47,81,19,11,6,0,5,14,33,21,1,433,86,168,207,79,7,394,10,19,52.6,10,1,233,1108,527,15,5,0,15,10,304,236,77.6,22,2,0,0,11,11,1,5,14,8,0,0,0,73,21,15,58.3,0,0,0,H,466600000,55750000,2.1245949492471015
Serie A,M,ITA,2021-2022,2021-12-11,17,Udinese,03/05/02,1,1.7,"
		
			Beto á 17&rsquor; 
		
			Isaac Success á 90+5&rsquor; 
		
	",2,1,Milan,4-2-3-1,1,1.1,"
		
			 Zlatan Ibrahimovi_ á 90+2&rsquor;
		
	",2,0,https://fbref.com/en/matches/083343fd/Udinese-Milan-December-11-2021-Serie-A,Milan,Away,990,1,0,0,0,12,1,2,0,797,175,26,7,10,1.1,1.1,0.8,19,0,572,687,83.3,46,551,68,7,12,572,687,83.3,11090,3408,214,256,83.6,257,280,91.8,86,127,67.7,0,0.8,10,49,15,8,46,687,640,47,18,1,72,22,15,5,1,4,0,481,91,115,279,333,26,17,14,572,4,6,18,10,26,20,13,10,3,4,18,22.2,14,175,60,34.3,49,77,49,10,1,0,9,7,33,13,2,797,57,180,478,189,36,755,7,12,58.3,9,1,551,3142,1638,68,15,3,9,12,679,572,84.2,46,2,0,0,11,21,4,15,7,20,0,0,0,100,24,12,66.7,1,0,1,D,103250000,466600000,-1.5083191277461874
Serie A,M,ITA,2021-2022,2021-12-11,17,Udinese,03/05/02,1,1.7,"
		
			Beto á 17&rsquor; 
		
			Isaac Success á 90+5&rsquor; 
		
	",2,1,Milan,4-2-3-1,1,1.1,"
		
			 Zlatan Ibrahimovi_ á 90+2&rsquor;
		
	",2,0,https://fbref.com/en/matches/083343fd/Udinese-Milan-December-11-2021-Serie-A,Udinese,Home,989,1,0,0,0,11,6,2,1,481,148,15,18,11,1.7,1.7,1.3,16,0,259,348,74.4,21,265,36,13,18,259,348,74.4,5068,2361,117,137,85.4,89,108,82.4,42,84,50.0,0,1.3,8,19,2,0,21,348,305,43,13,4,50,11,7,3,0,3,0,204,39,105,76,223,22,10,5,259,1,8,7,9,15,12,12,3,0,3,12,25.0,9,148,45,30.4,62,66,20,11,1,0,10,18,33,35,0,481,77,188,211,111,20,440,13,18,72.2,14,0,265,1645,864,36,12,6,8,22,337,259,76.9,21,2,1,0,21,10,1,7,18,12,0,0,0,79,12,24,33.3,0,0,1,D,103250000,466600000,-1.5083191277461874
Serie A,M,ITA,2021-2022,2021-12-19,18,Milan,4-2-3-1,0,0.5,"
		
	",0,0,Napoli,4-2-3-1,1,0.9,"
		
			 Elif Elmas á 5&rsquor;
		
	",2,0,https://fbref.com/en/matches/e3029ebd/Milan-Napoli-December-19-2021-Serie-A,Milan,Home,990,0,0,0,0,12,2,0,0,633,170,19,24,22,0.5,0.5,0.4,19,0,400,518,77.2,43,404,51,10,16,400,518,77.2,7954,2835,142,167,85.0,192,227,84.6,57,103,55.3,0,0.4,9,31,8,2,43,518,476,42,18,0,89,12,16,5,3,2,0,304,79,135,177,260,34,14,7,400,5,7,9,7,19,14,9,10,0,4,14,28.6,10,170,47,27.6,36,94,40,22,7,0,15,24,43,7,0,633,49,174,312,189,23,594,10,16,62.5,10,1,404,2128,1178,51,20,4,15,8,479,400,83.5,43,0,0,0,16,20,5,16,24,14,0,0,0,104,29,19,60.4,0,0,0,A,466600000,505850000,-0.08076782306456984
Serie A,M,ITA,2021-2022,2021-12-19,18,Milan,4-2-3-1,0,0.5,"
		
	",0,0,Napoli,4-2-3-1,1,0.9,"
		
			 Elif Elmas á 5&rsquor;
		
	",2,0,https://fbref.com/en/matches/e3029ebd/Milan-Napoli-December-19-2021-Serie-A,Napoli,Away,990,1,1,0,0,11,2,2,0,658,160,14,9,9,0.9,0.9,0.5,18,2,448,552,81.2,31,452,35,10,14,448,552,81.2,8275,3031,198,223,88.8,180,210,85.7,59,96,61.5,1,0.5,8,26,5,2,31,552,502,50,19,0,46,12,5,5,0,3,0,373,88,91,119,358,30,14,15,448,0,5,20,15,14,8,5,7,2,6,16,37.5,10,160,56,35.0,53,83,24,9,2,0,7,9,23,27,0,658,98,265,321,110,21,611,10,14,71.4,10,0,452,2129,938,35,8,5,11,15,520,448,86.2,31,2,0,0,21,16,0,5,9,8,0,0,0,90,19,29,39.6,0,0,0,A,466600000,505850000,-0.08076782306456984
Serie A,M,ITA,2021-2022,2021-12-22,19,Empoli,4-4-2_,2,1.7,"
		
			Nedim Bajrami á 18&rsquor; 
		
			Andrea Pinamonti (P) á 84&rsquor; 
		
	",1,0,Milan,4-2-3-1,4,1.4,"
		
			 Franck Kessi á 12&rsquor;
		
			 Franck Kessi á 42&rsquor;
		
			 Alessandro Florenzi á 63&rsquor;
		
			 Theo Hernndez á 69&rsquor;
		
	",2,0,https://fbref.com/en/matches/396205f0/Empoli-Milan-December-22-2021-Serie-A,Milan,Away,990,4,2,0,0,18,8,2,0,544,191,17,22,17,1.4,1.4,0.6,29,5,324,409,79.2,27,341,39,4,5,324,409,79.2,5491,2188,163,183,89.1,101,124,81.5,40,77,51.9,2,0.6,12,24,10,5,27,409,367,42,18,0,46,5,15,3,3,0,0,266,47,96,169,203,12,10,6,324,0,4,13,6,17,9,10,5,2,2,10,20.0,8,191,50,26.2,71,75,45,17,4,0,13,22,39,31,0,544,89,189,219,172,21,505,4,5,80.0,4,0,341,1954,1029,39,13,2,11,15,392,324,82.7,27,2,0,0,16,18,0,15,22,9,0,1,0,76,25,19,56.8,0,0,0,A,86600000,466600000,-1.6841725440189401
Serie A,M,ITA,2021-2022,2021-12-22,19,Empoli,4-4-2_,2,1.7,"
		
			Nedim Bajrami á 18&rsquor; 
		
			Andrea Pinamonti (P) á 84&rsquor; 
		
	",1,0,Milan,4-2-3-1,4,1.4,"
		
			 Franck Kessi á 12&rsquor;
		
			 Franck Kessi á 42&rsquor;
		
			 Alessandro Florenzi á 63&rsquor;
		
			 Theo Hernndez á 69&rsquor;
		
	",2,0,https://fbref.com/en/matches/396205f0/Empoli-Milan-December-22-2021-Serie-A,Empoli,Home,990,2,0,1,1,15,4,1,0,630,151,16,15,9,1.7,1.0,0.9,25,1,415,513,80.9,54,430,48,8,10,415,513,80.9,8100,2993,179,204,87.7,167,190,87.9,66,102,64.7,0,0.9,12,34,13,1,54,513,461,52,10,0,118,11,9,6,4,1,0,350,68,95,172,295,10,24,5,415,2,1,18,14,16,6,7,8,1,1,5,20.0,4,151,38,25.2,49,70,32,9,2,0,7,15,31,24,0,630,85,209,286,189,27,578,8,10,80.0,8,0,430,2852,1500,48,19,2,12,16,501,415,82.8,54,1,0,0,18,13,2,9,15,6,0,0,0,79,19,25,43.2,0,0,0,A,86600000,466600000,-1.6841725440189401
Serie A,M,ITA,2021-2022,2022-01-06,20,Milan,4-2-3-1,3,2.9,"
		
			Olivier Giroud (P) á 8&rsquor; 
		
			Junior Messias á 17&rsquor; 
		
			Rafael Leo á 82&rsquor; 
		
	",2,0,Roma,03/05/02,1,0.8,"
		
			 Tammy Abraham á 40&rsquor;
		
			 Rick Karsdorp á 74&rsquor;
		
			 Gianluca Mancini á 90+3&rsquor;
		
	",6,2,https://fbref.com/en/matches/8e60ec01/Milan-Roma-January-6-2022-Serie-A,Roma,Away,972,1,0,0,0,11,5,7,2,489,143,23,16,12,0.8,0.8,0.4,9,1,274,364,75.3,28,289,39,6,10,274,364,75.3,5387,1871,102,126,81.0,131,161,81.4,35,65,53.8,0,0.4,4,18,4,1,28,364,317,47,7,1,60,12,5,9,4,5,0,241,56,67,86,230,13,21,6,274,1,8,30,7,23,12,11,9,3,7,19,36.8,12,143,49,34.3,58,48,37,12,5,0,7,16,39,26,1,489,54,168,243,110,14,443,6,10,60.0,7,0,289,1465,878,39,8,2,18,11,345,274,79.4,28,7,2,2,20,6,3,5,16,12,0,1,0,75,13,12,52.0,0,0,0,H,466600000,390650000,0.17766034114457624
Serie A,M,ITA,2021-2022,2022-01-06,20,Milan,4-2-3-1,3,2.9,"
		
			Olivier Giroud (P) á 8&rsquor; 
		
			Junior Messias á 17&rsquor; 
		
			Rafael Leo á 82&rsquor; 
		
	",2,0,Roma,03/05/02,1,0.8,"
		
			 Tammy Abraham á 40&rsquor;
		
			 Rick Karsdorp á 74&rsquor;
		
			 Gianluca Mancini á 90+3&rsquor;
		
	",6,2,https://fbref.com/en/matches/8e60ec01/Milan-Roma-January-6-2022-Serie-A,Milan,Home,990,3,0,1,2,17,3,2,0,567,144,14,30,11,2.9,1.4,0.7,24,4,347,441,78.7,22,390,41,12,19,347,441,78.7,7262,2118,121,140,86.4,154,180,85.6,65,102,63.7,0,0.7,8,21,5,2,22,441,390,51,20,0,51,16,7,3,2,1,0,307,63,71,134,259,11,20,8,347,1,9,15,7,14,11,8,3,3,3,10,30.0,7,144,58,40.3,53,62,29,11,4,0,7,30,44,16,0,567,71,217,255,139,25,515,12,19,63.2,12,1,390,1935,1008,41,14,7,11,16,409,347,84.8,22,2,0,0,6,20,1,7,30,11,1,0,0,79,12,13,48.0,0,0,0,H,466600000,390650000,0.17766034114457624
Serie A,M,ITA,2021-2022,2022-01-09,21,Venezia,4-3-2-1,0,0.4,"
		
			Michael Svoboda á 58&rsquor; 
		
	",1,1,Milan,4-2-3-1,3,2.8,"
		
			 Zlatan Ibrahimovi_ á 2&rsquor;
		
			 Theo Hernndez á 48&rsquor;
		
			 Theo Hernndez (P) á 59&rsquor;
		
	",3,0,https://fbref.com/en/matches/18ac0a53/Venezia-Milan-January-9-2022-Serie-A,Venezia,Home,957,0,0,0,0,10,3,1,1,520,152,17,16,21,0.4,0.4,0.4,20,0,332,418,79.4,29,345,37,7,13,332,418,79.4,6427,2192,142,167,85.0,138,159,86.8,48,77,62.3,0,0.4,10,24,6,2,29,418,380,38,12,0,58,9,10,1,0,1,0,315,36,67,139,236,14,13,5,332,2,7,23,9,17,13,8,7,2,6,25,24.0,19,152,53,34.9,58,63,31,21,6,2,15,16,33,14,1,520,93,244,196,121,12,486,7,13,53.8,8,1,345,2046,1241,37,14,0,4,14,407,332,81.6,29,1,1,0,11,13,2,10,16,13,0,0,0,70,15,15,50.0,0,0,0,A,87830000,466600000,-1.6700692316583035
Serie A,M,ITA,2021-2022,2022-01-09,21,Venezia,4-3-2-1,0,0.4,"
		
			Michael Svoboda á 58&rsquor; 
		
	",1,1,Milan,4-2-3-1,3,2.8,"
		
			 Zlatan Ibrahimovi_ á 2&rsquor;
		
			 Theo Hernndez á 48&rsquor;
		
			 Theo Hernndez (P) á 59&rsquor;
		
	",3,0,https://fbref.com/en/matches/18ac0a53/Venezia-Milan-January-9-2022-Serie-A,Milan,Away,990,3,2,1,1,17,6,3,0,773,141,19,23,10,2.9,2.7,1.8,30,5,584,670,87.2,37,560,56,18,25,584,670,87.2,11659,3192,228,248,91.9,260,281,92.5,90,122,73.8,2,1.8,14,24,9,1,37,670,625,45,12,0,58,17,8,7,4,0,1,532,62,76,175,444,11,18,10,584,0,1,16,14,19,10,13,2,4,5,13,38.5,8,141,44,31.2,38,48,55,10,2,0,8,23,42,10,0,773,73,269,378,166,29,730,18,25,72.0,19,1,560,2472,1404,56,19,8,12,11,660,584,88.5,37,3,0,0,15,10,0,8,23,10,0,0,0,69,15,15,50.0,0,0,0,A,87830000,466600000,-1.6700692316583035
Serie A,M,ITA,2021-2022,2022-01-17,22,Milan,4-2-3-1,1,2.5,"
		
			Rafael Leo á 45&rsquor; 
		
	",2,0,Spezia,04/03/03,2,1.4,"
		
			 Kevin Agudelo á 64&rsquor;
		
			 Emmanuel Gyasi á 90+6&rsquor;
		
	",5,0,https://fbref.com/en/matches/3a49d3a9/Milan-Spezia-January-17-2022-Serie-A,Spezia,Away,990,2,0,0,0,10,6,5,0,484,177,21,12,20,1.4,1.4,1.4,17,4,274,367,74.7,20,272,33,10,11,274,367,74.7,5299,2200,118,139,84.9,100,127,78.7,44,83,53.0,0,1.4,9,15,9,3,20,367,325,42,12,1,52,8,8,1,1,0,0,210,55,102,123,183,25,16,7,274,4,4,8,7,21,14,11,9,1,10,26,38.5,16,177,47,26.6,66,87,24,20,6,0,14,12,33,20,1,484,102,213,214,93,16,443,10,11,90.9,10,0,272,1659,883,33,14,3,13,10,338,274,81.1,20,5,0,0,18,12,4,8,12,14,0,1,0,74,12,21,36.4,0,1,0,A,466600000,70000000,1.8969771175379706
Serie A,M,ITA,2021-2022,2022-01-17,22,Milan,4-2-3-1,1,2.5,"
		
			Rafael Leo á 45&rsquor; 
		
	",2,0,Spezia,04/03/03,2,1.4,"
		
			 Kevin Agudelo á 64&rsquor;
		
			 Emmanuel Gyasi á 90+6&rsquor;
		
	",5,0,https://fbref.com/en/matches/3a49d3a9/Milan-Spezia-January-17-2022-Serie-A,Milan,Home,990,1,0,0,1,24,8,2,0,648,133,11,8,8,2.6,1.8,1.3,40,0,448,540,83.0,48,479,57,16,26,448,540,83.0,8603,3185,183,205,89.3,184,203,90.6,67,105,63.8,0,1.3,20,45,16,3,48,540,492,48,19,2,76,10,12,10,7,3,0,379,58,103,138,349,13,12,9,448,1,5,11,14,11,10,5,6,0,1,11,9.1,10,133,52,39.1,34,72,27,8,1,0,7,8,19,13,0,648,57,189,313,197,42,600,16,26,61.5,16,1,479,2697,1422,57,14,5,13,11,517,448,86.7,48,2,0,0,13,17,1,12,8,10,1,0,0,92,21,12,63.6,1,1,0,A,466600000,70000000,1.8969771175379706
Serie A,M,ITA,2021-2022,2022-01-23,23,Milan,4-2-3-1,0,0.7,"
		
	",2,0,Juventus,04/04/02,0,0.4,"
		
	",2,0,https://fbref.com/en/matches/c439f074/Milan-Juventus-January-23-2022-Serie-A,Milan,Home,990,0,0,0,0,14,4,2,0,594,143,25,24,4,0.7,0.7,0.4,22,0,392,495,79.2,27,412,62,11,14,392,495,79.2,7430,2570,164,192,85.4,159,187,85.0,59,89,66.3,0,0.4,8,23,13,5,27,495,443,52,21,0,70,10,16,4,1,0,0,359,41,95,187,254,20,19,6,392,1,5,18,16,25,21,6,13,6,6,15,40.0,9,143,50,35.0,33,73,37,4,2,0,2,24,49,13,0,594,55,174,258,211,29,545,11,14,78.6,11,1,412,2552,1422,62,21,9,12,15,455,392,86.2,27,2,0,0,18,22,2,16,24,21,0,0,0,76,10,18,35.7,0,0,1,D,466600000,566400000,-0.1938281827921804
Serie A,M,ITA,2021-2022,2022-01-23,23,Milan,4-2-3-1,0,0.7,"
		
	",2,0,Juventus,04/04/02,0,0.4,"
		
	",2,0,https://fbref.com/en/matches/c439f074/Milan-Juventus-January-23-2022-Serie-A,Juventus,Away,990,0,0,0,0,8,0,2,0,683,153,18,22,21,0.4,0.4,0.4,14,0,475,558,85.1,28,430,61,8,15,475,558,85.1,9294,3017,190,209,90.9,208,237,87.8,70,101,69.3,0,0.4,7,34,7,4,28,558,520,38,18,0,38,19,10,1,1,0,0,409,62,87,209,296,21,14,8,475,3,10,21,2,18,14,9,6,3,3,14,21.4,11,153,47,30.7,65,56,32,21,5,0,16,22,40,17,0,683,89,249,333,159,19,648,8,15,53.3,9,0,430,2633,1420,61,18,6,16,19,534,475,89.0,28,2,0,0,22,16,3,10,22,14,0,0,0,75,18,10,64.3,1,0,1,D,466600000,566400000,-0.1938281827921804
Serie A,M,ITA,2021-2022,2022-02-05,24,Internazionale,03/05/02,1,0.9,"
		
			Ivan Peri_i_ á 38&rsquor; 
		
	",2,0,Milan,4-2-3-1,2,1.4,"
		
			 Olivier Giroud á 75&rsquor;
		
			 Olivier Giroud á 78&rsquor;
		
			 Theo Hernndez á 90+5&rsquor;
		
	",4,1,https://fbref.com/en/matches/85e329ed/Derby-della-Madonnina-Internazionale-Milan-February-5-2022-Serie-A,Milan,Away,989,2,1,0,0,10,3,4,1,573,134,18,10,18,1.4,1.4,0.7,17,3,375,457,82.1,27,407,37,14,22,375,457,82.1,7673,2377,148,165,89.7,164,186,88.2,60,93,64.5,1,0.7,6,29,6,0,27,457,411,46,20,0,70,14,4,4,1,0,0,352,38,67,188,228,10,13,7,375,1,8,12,9,18,12,6,9,3,7,13,53.8,6,134,37,27.6,48,48,38,18,6,0,12,10,28,16,0,573,73,196,297,124,11,529,14,22,63.6,15,1,407,2038,1160,37,13,1,9,14,447,375,83.9,27,4,1,0,14,21,2,4,10,12,0,0,0,65,12,10,54.5,0,0,0,A,550900000,466600000,0.16608094489134126
Serie A,M,ITA,2021-2022,2022-02-05,24,Internazionale,03/05/02,1,0.9,"
		
			Ivan Peri_i_ á 38&rsquor; 
		
	",2,0,Milan,4-2-3-1,2,1.4,"
		
			 Olivier Giroud á 75&rsquor;
		
			 Olivier Giroud á 78&rsquor;
		
			 Theo Hernndez á 90+5&rsquor;
		
	",4,1,https://fbref.com/en/matches/85e329ed/Derby-della-Madonnina-Internazionale-Milan-February-5-2022-Serie-A,Internazionale,Home,990,1,1,0,0,12,5,2,0,511,166,21,12,15,0.9,0.9,0.7,21,2,318,396,80.3,45,292,31,5,14,318,396,80.3,6778,2719,119,132,90.2,132,158,83.5,63,91,69.2,1,0.7,10,31,8,4,45,396,352,44,16,0,61,25,21,6,1,5,0,240,55,101,84,269,13,16,6,318,1,5,10,12,21,15,12,7,2,7,22,31.8,15,166,48,28.9,62,75,29,15,6,0,9,12,33,13,0,511,51,185,217,152,27,470,5,14,35.7,6,0,292,1823,1011,31,13,2,9,11,370,318,85.9,45,2,0,0,22,15,1,21,12,15,0,0,0,75,10,12,45.5,0,0,0,A,550900000,466600000,0.16608094489134126
Serie A,M,ITA,2021-2022,2022-02-13,25,Milan,4-2-3-1,1,1.4,"
		
			Rafael Leo á 8&rsquor; 
		
	",3,0,Sampdoria,4-4-1-1,0,0.2,"
		
	",1,0,https://fbref.com/en/matches/a731be6f/Milan-Sampdoria-February-13-2022-Serie-A,Milan,Home,990,1,1,0,0,15,7,3,0,614,218,19,29,7,1.5,1.5,1.1,26,2,418,510,82.0,37,417,42,19,30,418,510,82.0,8284,2606,158,181,87.3,184,206,89.3,70,114,61.4,1,1.1,12,24,9,3,37,510,471,39,14,0,59,12,14,4,2,1,0,338,76,96,166,292,13,16,11,418,2,9,14,5,19,13,6,8,5,7,17,41.2,10,218,71,32.6,36,112,70,7,2,0,5,29,48,8,1,614,62,199,290,168,31,577,19,30,63.3,20,3,417,2060,1072,42,22,8,12,14,496,418,84.3,37,3,0,0,14,13,2,14,29,13,0,0,0,81,19,10,65.5,1,1,0,H,466600000,103300000,1.5078349834617366
Serie A,M,ITA,2021-2022,2022-02-13,25,Milan,4-2-3-1,1,1.4,"
		
			Rafael Leo á 8&rsquor; 
		
	",3,0,Sampdoria,4-4-1-1,0,0.2,"
		
	",1,0,https://fbref.com/en/matches/a731be6f/Milan-Sampdoria-February-13-2022-Serie-A,Sampdoria,Away,990,0,0,0,0,4,1,1,0,607,151,24,16,9,0.2,0.2,0.1,5,0,413,507,81.5,25,428,22,9,17,413,507,81.5,7746,2639,197,223,88.3,142,170,83.5,64,98,65.3,0,0.1,2,18,4,0,25,507,465,42,15,0,108,15,6,0,0,0,0,353,50,104,135,319,18,15,12,413,3,7,28,6,24,17,12,10,2,10,30,33.3,20,151,54,35.8,50,81,20,9,3,0,6,16,40,14,0,607,100,261,308,74,6,567,9,17,52.9,10,0,428,1957,901,22,6,1,9,12,488,413,84.6,25,1,0,0,14,14,3,6,16,17,0,0,0,77,10,19,34.5,0,1,0,H,466600000,103300000,1.5078349834617366
Serie A,M,ITA,2021-2022,2022-02-19,26,Salernitana,4-2-3-1,2,1.4,"
		
			Federico Bonazzoli á 29&rsquor; 
		
			Milan _uri_ á 72&rsquor; 
		
	",2,0,Milan,4-2-3-1,2,1.3,"
		
			 Junior Messias á 5&rsquor;
		
			 Ante Rebi_ á 77&rsquor;
		
	",4,0,https://fbref.com/en/matches/2952f038/Salernitana-Milan-February-19-2022-Serie-A,Milan,Away,990,2,2,0,0,13,5,4,0,647,151,21,9,15,1.3,1.3,1.0,19,4,430,532,80.8,41,410,46,12,26,430,532,80.8,9314,2861,134,162,82.7,209,237,88.2,81,120,67.5,2,1.0,8,31,12,4,41,532,489,43,13,4,76,21,19,7,2,5,0,374,54,104,199,273,16,15,9,430,0,9,21,9,21,13,7,10,4,11,22,50.0,11,151,52,34.4,33,62,56,15,5,1,10,9,30,12,1,647,52,182,311,199,26,604,12,26,46.2,13,1,410,2120,1353,46,14,1,15,11,510,430,84.3,41,4,0,0,13,18,0,19,9,13,0,0,0,100,24,26,48.0,0,0,0,D,55750000,466600000,-2.1245949492471015
Serie A,M,ITA,2021-2022,2022-02-19,26,Salernitana,4-2-3-1,2,1.4,"
		
			Federico Bonazzoli á 29&rsquor; 
		
			Milan _uri_ á 72&rsquor; 
		
	",2,0,Milan,4-2-3-1,2,1.3,"
		
			 Junior Messias á 5&rsquor;
		
			 Ante Rebi_ á 77&rsquor;
		
	",4,0,https://fbref.com/en/matches/2952f038/Salernitana-Milan-February-19-2022-Serie-A,Salernitana,Home,990,2,2,0,0,9,4,2,0,492,149,24,22,13,1.4,1.4,0.5,12,3,259,349,74.2,14,276,25,9,22,259,349,74.2,5547,2429,101,119,84.9,108,130,83.1,45,84,53.6,2,0.5,5,15,7,4,14,349,301,48,12,0,59,15,11,4,4,0,0,195,40,114,113,172,14,22,7,259,0,5,9,11,24,17,16,7,1,13,26,50.0,13,149,55,36.9,65,66,18,13,3,0,10,22,46,33,0,492,84,216,194,107,15,446,9,22,40.9,11,2,276,1399,721,25,8,1,16,10,300,259,86.3,14,2,0,0,19,13,0,11,22,17,0,0,0,77,26,24,52.0,0,0,0,D,55750000,466600000,-2.1245949492471015
Serie A,M,ITA,2021-2022,2022-02-25,27,Milan,4-2-3-1,1,0.7,"
		
			Rafael Leo á 29&rsquor; 
		
	",2,0,Udinese,03/05/02,1,1.0,"
		
			 Iyenoma Udogie á 66&rsquor;
		
	",4,0,https://fbref.com/en/matches/cac946ce/Milan-Udinese-February-25-2022-Serie-A,Milan,Home,990,1,1,0,0,9,3,2,0,642,176,21,21,11,0.7,0.7,0.7,15,2,445,535,83.2,40,448,52,14,24,445,535,83.2,8304,2494,180,203,88.7,197,223,88.3,53,80,66.3,1,0.7,8,27,9,0,40,535,487,48,21,0,57,10,8,5,0,2,0,399,49,87,201,284,12,16,10,445,1,4,16,12,21,13,15,3,3,11,26,42.3,15,176,38,21.6,57,72,47,11,2,0,9,21,42,12,0,642,54,194,331,170,19,598,14,24,58.3,17,1,448,2082,1224,52,19,2,19,3,504,445,88.3,40,2,0,0,14,17,3,8,21,13,0,0,0,69,16,17,48.5,0,0,0,D,466600000,103250000,1.5083191277461876
Serie A,M,ITA,2021-2022,2022-02-25,27,Milan,4-2-3-1,1,0.7,"
		
			Rafael Leo á 29&rsquor; 
		
	",2,0,Udinese,03/05/02,1,1.0,"
		
			 Iyenoma Udogie á 66&rsquor;
		
	",4,0,https://fbref.com/en/matches/cac946ce/Milan-Udinese-February-25-2022-Serie-A,Udinese,Away,990,1,1,0,0,11,6,4,0,454,123,10,16,16,1.1,1.1,0.5,13,1,247,328,75.3,28,266,24,14,26,247,328,75.3,4659,1927,104,123,84.6,98,114,86.0,36,69,52.2,1,0.5,6,18,10,2,28,328,285,43,16,0,76,7,11,4,1,1,0,201,40,87,87,197,14,16,5,247,4,5,21,9,10,7,6,3,1,7,24,29.2,17,123,39,31.7,53,50,20,16,4,0,12,16,26,26,0,454,55,158,186,138,26,411,14,26,53.8,15,0,266,1414,791,24,8,4,14,10,309,247,79.9,28,4,0,0,19,14,4,11,16,7,0,0,0,83,17,16,51.5,0,0,0,D,466600000,103250000,1.5083191277461876
